ds,trend,yhat_lower,yhat_upper,trend_lower,trend_upper,additive_terms,additive_terms_lower,additive_terms_upper,avg_humidity,avg_humidity_lower,avg_humidity_upper,avg_temp,avg_temp_lower,avg_temp_upper,extra_regressors_additive,extra_regressors_additive_lower,extra_regressors_additive_upper,weekly,weekly_lower,weekly_upper,multiplicative_terms,multiplicative_terms_lower,multiplicative_terms_upper,yhat
2016-01-11,16767.7420794,9498.338426883905,25598.3009755044,16767.7420794,16767.7420794,872.62599743379,872.62599743379,872.62599743379,84.84504827563528,84.84504827563528,84.84504827563528,-836.2804788832102,-836.2804788832102,-836.2804788832102,-751.4354306075749,-751.4354306075749,-751.4354306075749,1624.061428041365,1624.061428041365,1624.061428041365,0.0,0.0,0.0,17640.368076833787
2016-01-12,16735.67702908248,4925.279590626691,22201.619606752716,16735.67702908248,16735.67702908248,-2940.4928016240406,-2940.4928016240406,-2940.4928016240406,62.17221119462874,62.17221119462874,62.17221119462874,-1518.2034082240364,-1518.2034082240364,-1518.2034082240364,-1456.0311970294076,-1456.0311970294076,-1456.0311970294076,-1484.4616045946327,-1484.4616045946327,-1484.4616045946327,0.0,0.0,0.0,13795.184227458438
2016-01-13,16703.611978764962,5272.394069945745,22108.53153180236,16703.611978764962,16703.611978764962,-3132.0423825551006,-3132.0423825551006,-3132.0423825551006,32.94444766193294,32.94444766193294,32.94444766193294,-2369.8416116676876,-2369.8416116676876,-2369.8416116676876,-2336.8971640057543,-2336.8971640057543,-2336.8971640057543,-795.1452185493462,-795.1452185493462,-795.1452185493462,0.0,0.0,0.0,13571.569596209862
2016-01-14,16671.546928447446,6164.096330888914,23238.272837851157,16671.546928447446,16671.546928447446,-2001.9867358761494,-2001.9867358761494,-2001.9867358761494,27.385067312688946,27.385067312688946,27.385067312688946,-1251.8577888110228,-1251.8577888110228,-1251.8577888110228,-1224.4727214983338,-1224.4727214983338,-1224.4727214983338,-777.5140143778154,-777.5140143778154,-777.5140143778154,0.0,0.0,0.0,14669.560192571296
2016-01-15,16639.481878129925,9587.031009505437,25985.203271014983,16639.481878129925,16639.481878129925,1198.9573200079067,1198.9573200079067,1198.9573200079067,-15.486717124223468,-15.486717124223468,-15.486717124223468,565.541553367268,565.541553367268,565.541553367268,550.0548362430445,550.0548362430445,550.0548362430445,648.9024837648622,648.9024837648622,648.9024837648622,0.0,0.0,0.0,17838.439198137832
2016-01-16,16607.41682803811,9827.736748360569,26184.297596937442,16607.41682803811,16607.41682803811,1583.077446674329,1583.077446674329,1583.077446674329,-4.866404146145399,-4.866404146145399,-4.866404146145399,411.4125043724292,411.4125043724292,411.4125043724292,406.5461002262838,406.5461002262838,406.5461002262838,1176.531346448045,1176.531346448045,1176.531346448045,0.0,0.0,0.0,18190.494274712437
2016-01-17,16575.35177794629,8106.164106951392,24186.80661746668,16575.35177794629,16575.35177794629,-337.6362841867738,-337.6362841867738,-337.6362841867738,-10.994217191165474,-10.994217191165474,-10.994217191165474,65.73235373482107,65.73235373482107,65.73235373482107,54.738136543655614,54.738136543655614,54.738136543655614,-392.3744207304294,-392.3744207304294,-392.3744207304294,0.0,0.0,0.0,16237.715493759515
2016-01-18,16543.28672785447,8500.904148825612,25648.53881625592,16543.28672785447,16543.28672785447,107.80664242256601,107.80664242256601,107.80664242256601,7.160822518442959,7.160822518442959,7.160822518442959,-1523.4156081364247,-1523.4156081364247,-1523.4156081364247,-1516.2547856179817,-1516.2547856179817,-1516.2547856179817,1624.0614280405478,1624.0614280405478,1624.0614280405478,0.0,0.0,0.0,16651.093370277034
2016-01-19,16511.22167776265,4575.135471523111,21291.02892980522,16511.22167776265,16511.22167776265,-3798.2374144632413,-3798.2374144632413,-3798.2374144632413,-7.549483818109572,-7.549483818109572,-7.549483818109572,-2306.2263260562463,-2306.2263260562463,-2306.2263260562463,-2313.775809874356,-2313.775809874356,-2313.775809874356,-1484.4616045888856,-1484.4616045888856,-1484.4616045888856,0.0,0.0,0.0,12712.984263299408
2016-01-20,16479.156627670833,4841.133568523925,21235.874184838012,16479.156627670833,16479.156627670833,-3809.10234046151,-3809.10234046151,-3809.10234046151,-26.40370392455067,-26.40370392455067,-26.40370392455067,-2987.5534179863653,-2987.5534179863653,-2987.5534179863653,-3013.9571219109157,-3013.9571219109157,-3013.9571219109157,-795.1452185505935,-795.1452185505935,-795.1452185505935,0.0,0.0,0.0,12670.054287209323
2016-01-21,16447.091571784633,5258.781631342127,21222.56881541553,16447.091571784633,16447.091571784633,-3325.8026274422664,-3325.8026274422664,-3325.8026274422664,-27.695413863088064,-27.695413863088064,-27.695413863088064,-2520.5931991971,-2520.5931991971,-2520.5931991971,-2548.2886130601883,-2548.2886130601883,-2548.2886130601883,-777.5140143820779,-777.5140143820779,-777.5140143820779,0.0,0.0,0.0,13121.288944342366
2016-01-22,16415.026515898437,5858.407889743549,22371.139492620223,16415.026515898437,16415.026515898437,-2339.575458746712,-2339.575458746712,-2339.575458746712,-19.09008806630853,-19.09008806630853,-19.09008806630853,-2969.3878544439317,-2969.3878544439317,-2969.3878544439317,-2988.47794251024,-2988.47794251024,-2988.47794251024,648.9024837635286,648.9024837635286,648.9024837635286,0.0,0.0,0.0,14075.451057151724
2016-01-23,16382.961460012237,5104.40900467273,21736.17095128917,16382.961460012237,16382.961460012237,-2791.2161816420767,-2791.2161816420767,-2791.2161816420767,43.215282001066484,43.215282001066484,43.215282001066484,-4010.9628100860277,-4010.9628100860277,-4010.9628100860277,-3967.747528084961,-3967.747528084961,-3967.747528084961,1176.5313464428846,1176.5313464428846,1176.5313464428846,0.0,0.0,0.0,13591.74527837016
2016-01-24,16350.896404126039,5294.8209308702935,22253.981740444804,16350.896404126039,16350.896404126039,-2137.0210117522024,-2137.0210117522024,-2137.0210117522024,42.690357499327796,42.690357499327796,42.690357499327796,-1787.3369485204191,-1787.3369485204191,-1787.3369485204191,-1744.6465910210914,-1744.6465910210914,-1744.6465910210914,-392.3744207311114,-392.3744207311114,-392.3744207311114,0.0,0.0,0.0,14213.875392373837
2016-01-25,16318.831344758846,9014.726464100597,25195.094107958048,16318.831344758846,16318.831344758846,577.0534666225007,577.0534666225007,577.0534666225007,38.00984266964269,38.00984266964269,38.00984266964269,-1085.0178040890378,-1085.0178040890378,-1085.0178040890378,-1047.007961419395,-1047.007961419395,-1047.007961419395,1624.0614280418959,1624.0614280418959,1624.0614280418959,0.0,0.0,0.0,16895.884811381347
2016-01-26,16286.766285391654,5146.418863718654,21150.979284833076,16286.766285391654,16286.766285391654,-2780.9309964276863,-2780.9309964276863,-2780.9309964276863,64.49748245374722,64.49748245374722,64.49748245374722,-1360.9668742920032,-1360.9668742920032,-1360.9668742920032,-1296.469391838256,-1296.469391838256,-1296.469391838256,-1484.4616045894304,-1484.4616045894304,-1484.4616045894304,0.0,0.0,0.0,13505.835288963968
2016-01-27,16254.701226024463,5269.993457675427,22095.376752940003,16254.701226024463,16254.701226024463,-2444.001584410374,-2444.001584410374,-2444.001584410374,69.58147070677217,69.58147070677217,69.58147070677217,-1718.437836570735,-1718.437836570735,-1718.437836570735,-1648.856365863963,-1648.856365863963,-1648.856365863963,-795.1452185464111,-795.1452185464111,-795.1452185464111,0.0,0.0,0.0,13810.699641614088
2016-01-28,16222.63616665727,4425.810665916103,20871.80088704078,16222.63616665727,16222.63616665727,-3220.327400584938,-3220.327400584938,-3220.327400584938,69.69704631965143,69.69704631965143,69.69704631965143,-2512.510432525358,-2512.510432525358,-2512.510432525358,-2442.8133862057066,-2442.8133862057066,-2442.8133862057066,-777.5140143792314,-777.5140143792314,-777.5140143792314,0.0,0.0,0.0,13002.308766072332
2016-01-29,16190.57110723998,5743.308072424595,21651.404033991417,16190.57110723998,16190.57110723998,-2198.7256300353747,-2198.7256300353747,-2198.7256300353747,47.38396197371492,47.38396197371492,47.38396197371492,-2895.0120757786926,-2895.0120757786926,-2895.0120757786926,-2847.6281138049776,-2847.6281138049776,-2847.6281138049776,648.9024837696031,648.9024837696031,648.9024837696031,0.0,0.0,0.0,13991.845477204606
2016-01-30,16158.506047822691,7215.804247796365,23977.823461616572,16158.506047822691,16158.506047822691,-177.26751013052598,-177.26751013052598,-177.26751013052598,61.64817916866522,61.64817916866522,61.64817916866522,-1415.4470357440948,-1415.4470357440948,-1415.4470357440948,-1353.7988565754297,-1353.7988565754297,-1353.7988565754297,1176.5313464449034,1176.5313464449034,1176.5313464449034,0.0,0.0,0.0,15981.238537692165
2016-01-31,16126.440988405402,7121.810887220778,23821.373862090528,16126.440988405402,16126.440988405402,-570.7833821771317,-570.7833821771317,-570.7833821771317,37.33951898953917,37.33951898953917,37.33951898953917,-215.74848043435105,-215.74848043435105,-215.74848043435105,-178.4089614448119,-178.4089614448119,-178.4089614448119,-392.37442073231983,-392.37442073231983,-392.37442073231983,0.0,0.0,0.0,15555.657606228271
2016-02-01,16094.375928988113,10972.574473206125,26820.79694084119,16094.375928988113,16094.375928988113,2417.4128764073916,2417.4128764073916,2417.4128764073916,80.09416598096583,80.09416598096583,80.09416598096583,713.2572823853474,713.2572823853474,713.2572823853474,793.3514483663132,793.3514483663132,793.3514483663132,1624.061428041079,1624.061428041079,1624.061428041079,0.0,0.0,0.0,18511.788805395503
2016-02-02,16062.310869570825,5879.098728083083,22900.56946180433,16062.310869570825,16062.310869570825,-1075.3863829218549,-1075.3863829218549,-1075.3863829218549,85.71914329968168,85.71914329968168,85.71914329968168,323.3560783684386,323.3560783684386,323.3560783684386,409.07522166812026,409.07522166812026,409.07522166812026,-1484.4616045899754,-1484.4616045899754,-1484.4616045899754,0.0,0.0,0.0,14986.92448664897
2016-02-03,16030.245810200417,6889.324584569637,23295.708224637965,16030.245810200417,16030.245810200417,-616.4049028783122,-616.4049028783122,-616.4049028783122,47.475291994703134,47.475291994703134,47.475291994703134,131.26502366921275,131.26502366921275,131.26502366921275,178.74031566391588,178.74031566391588,178.74031566391588,-795.1452185422281,-795.1452185422281,-795.1452185422281,0.0,0.0,0.0,15413.840907322105
2016-02-04,15998.18075083001,6951.590507971981,23384.748886660516,15998.18075083001,15998.18075083001,-680.9093776149831,-680.9093776149831,-680.9093776149831,50.66321546346551,50.66321546346551,50.66321546346551,45.94142129793611,45.94142129793611,45.94142129793611,96.60463676140162,96.60463676140162,96.60463676140162,-777.5140143763847,-777.5140143763847,-777.5140143763847,0.0,0.0,0.0,15317.271373215026
2016-02-05,15966.115691459601,8670.273208370461,25396.53116374576,15966.115691459601,15966.115691459601,973.7210249751785,973.7210249751785,973.7210249751785,67.07777866560903,67.07777866560903,67.07777866560903,257.74076255805886,257.74076255805886,257.74076255805886,324.81854122366786,324.81854122366786,324.81854122366786,648.9024837515107,648.9024837515107,648.9024837515107,0.0,0.0,0.0,16939.83671643478
2016-02-06,15934.050632089195,9350.038277986587,25375.83046086818,15934.050632089195,15934.050632089195,1187.4035526827636,1187.4035526827636,1187.4035526827636,64.7063961581087,64.7063961581087,64.7063961581087,-53.834189921327464,-53.834189921327464,-53.834189921327464,10.872206236781247,10.872206236781247,10.872206236781247,1176.5313464459825,1176.5313464459825,1176.5313464459825,0.0,0.0,0.0,17121.45418477196
2016-02-07,15901.98557335776,7685.757443737522,23914.968878814845,15901.98557335776,15901.98557335776,-346.67907491497317,-346.67907491497317,-346.67907491497317,49.6169363630888,49.6169363630888,49.6169363630888,-3.921590548895552,-3.921590548895552,-3.921590548895552,45.695345814193246,45.695345814193246,45.695345814193246,-392.3744207291664,-392.3744207291664,-392.3744207291664,0.0,0.0,0.0,15555.306498442787
2016-02-08,15869.920514626325,9410.528673515013,26470.45605952655,15869.920514626325,15869.920514626325,1802.7151567136502,1802.7151567136502,1802.7151567136502,44.259181166042815,44.259181166042815,44.259181166042815,134.39454750667466,134.39454750667466,134.39454750667466,178.65372867271748,178.65372867271748,178.65372867271748,1624.0614280409325,1624.0614280409325,1624.0614280409325,0.0,0.0,0.0,17672.635671339976
2016-02-09,15837.85545589489,7007.251868634038,22818.36893211607,15837.85545589489,15837.85545589489,-1051.4330062625074,-1051.4330062625074,-1051.4330062625074,42.29960185578368,42.29960185578368,42.29960185578368,390.7289964748547,390.7289964748547,390.7289964748547,433.0285983306384,433.0285983306384,433.0285983306384,-1484.4616045931457,-1484.4616045931457,-1484.4616045931457,0.0,0.0,0.0,14786.422449632384
2016-02-10,15805.790397163457,6435.371887215594,22335.539038634026,15805.790397163457,15805.790397163457,-1326.153685635429,-1326.153685635429,-1326.153685635429,31.147447688709743,31.147447688709743,31.147447688709743,-562.1559147806626,-562.1559147806626,-562.1559147806626,-531.0084670919529,-531.0084670919529,-531.0084670919529,-795.145218543476,-795.145218543476,-795.145218543476,0.0,0.0,0.0,14479.636711528028
2016-02-11,15773.725338432021,5707.210857480817,23230.06443638792,15773.725338432021,15773.725338432021,-1351.4795764890603,-1351.4795764890603,-1351.4795764890603,33.022985530144325,33.022985530144325,33.022985530144325,-606.9885476422842,-606.9885476422842,-606.9885476422842,-573.9655621121399,-573.9655621121399,-573.9655621121399,-777.5140143769205,-777.5140143769205,-777.5140143769205,0.0,0.0,0.0,14422.24576194296
2016-02-12,15741.660281348546,8108.813911713459,24301.246202996783,15741.660281348546,15741.660281348546,196.57501896416073,196.57501896416073,196.57501896416073,-0.8068293370065791,-0.8068293370065791,-0.8068293370065791,-451.5206354564177,-451.5206354564177,-451.5206354564177,-452.3274647934243,-452.3274647934243,-452.3274647934243,648.9024837575851,648.9024837575851,648.9024837575851,0.0,0.0,0.0,15938.235300312706
2016-02-13,15709.595224265076,7827.479971961654,24375.491008772555,15709.595224265076,15709.595224265076,484.7951403856402,484.7951403856402,484.7951403856402,-9.220347215114446,-9.220347215114446,-9.220347215114446,-682.515858846307,-682.515858846307,-682.515858846307,-691.7362060614214,-691.7362060614214,-691.7362060614214,1176.5313464470617,1176.5313464470617,1176.5313464470617,0.0,0.0,0.0,16194.390364650717
2016-02-14,15677.530167181601,5968.130773896777,22535.41062051099,15677.530167181601,15677.530167181601,-1169.9168358974675,-1169.9168358974675,-1169.9168358974675,8.897877868769886,8.897877868769886,8.897877868769886,-786.4402930402248,-786.4402930402248,-786.4402930402248,-777.5424151714549,-777.5424151714549,-777.5424151714549,-392.37442072601254,-392.37442072601254,-392.37442072601254,0.0,0.0,0.0,14507.613331284134
2016-02-15,15645.465110098128,7740.586298061709,24085.438991180396,15645.465110098128,15645.465110098128,404.6050494729757,404.6050494729757,404.6050494729757,-6.034431816845971,-6.034431816845971,-6.034431816845971,-1213.421946750965,-1213.421946750965,-1213.421946750965,-1219.456378567811,-1219.456378567811,-1219.456378567811,1624.0614280407865,1624.0614280407865,1624.0614280407865,0.0,0.0,0.0,16050.070159571103
2016-02-16,15613.400053832424,5418.97330435248,21487.906306671208,15613.400053832424,15613.400053832424,-2191.126982230774,-2191.126982230774,-2191.126982230774,-43.0974632983471,-43.0974632983471,-43.0974632983471,-663.567914344508,-663.567914344508,-663.567914344508,-706.6653776428551,-706.6653776428551,-706.6653776428551,-1484.4616045879188,-1484.4616045879188,-1484.4616045879188,0.0,0.0,0.0,13422.273071601649
2016-02-17,15581.334997566722,5429.017397345488,21635.775552860097,15581.334997566722,15581.334997566722,-1820.3036180223962,-1820.3036180223962,-1820.3036180223962,-70.04889299359395,-70.04889299359395,-70.04889299359395,-955.1095064841071,-955.1095064841071,-955.1095064841071,-1025.158399477701,-1025.158399477701,-1025.158399477701,-795.1452185446955,-795.1452185446955,-795.1452185446955,0.0,0.0,0.0,13761.031379544325
2016-02-18,15549.26994130102,4795.571198285217,21706.97568226756,15549.26994130102,15549.26994130102,-2198.7050933160226,-2198.7050933160226,-2198.7050933160226,-59.8385238882254,-59.8385238882254,-59.8385238882254,-1361.352555046614,-1361.352555046614,-1361.352555046614,-1421.1910789348394,-1421.1910789348394,-1421.1910789348394,-777.514014381183,-777.514014381183,-777.514014381183,0.0,0.0,0.0,13350.564847984997
2016-02-19,15517.204885035319,6548.921961055198,22612.784981980054,15517.204885035319,15517.204885035319,-672.1281978705508,-672.1281978705508,-672.1281978705508,-40.902493502397526,-40.902493502397526,-40.902493502397526,-1280.128188124405,-1280.128188124405,-1280.128188124405,-1321.0306816268026,-1321.0306816268026,-1321.0306816268026,648.9024837562514,648.9024837562514,648.9024837562514,0.0,0.0,0.0,14845.076687164768
2016-02-20,15485.13982949125,8180.439571006143,24262.727361226098,15485.13982949125,15485.13982949125,413.0961772432414,413.0961772432414,413.0961772432414,3.3739734315873875,3.3739734315873875,3.3739734315873875,-766.8091426302473,-766.8091426302473,-766.8091426302473,-763.43516919866,-763.43516919866,-763.43516919866,1176.5313464419014,1176.5313464419014,1176.5313464419014,0.0,0.0,0.0,15898.236006734493
2016-02-21,15453.074773947186,6625.534039542577,22590.9799646153,15453.074773947186,15453.074773947186,-599.0362410677969,-599.0362410677969,-599.0362410677969,59.313313794964,59.313313794964,59.313313794964,-265.97513413553946,-265.97513413553946,-265.97513413553946,-206.66182034057547,-206.66182034057547,-206.66182034057547,-392.3744207272214,-392.3744207272214,-392.3744207272214,0.0,0.0,0.0,14854.03853287939
2016-02-22,15421.009718403122,8096.407818995568,24462.969610731394,15421.009718403122,15421.009718403122,1363.7037065040008,1363.7037065040008,1363.7037065040008,57.08926416334148,57.08926416334148,57.08926416334148,-317.44698570162706,-317.44698570162706,-317.44698570162706,-260.3577215382856,-260.3577215382856,-260.3577215382856,1624.0614280422863,1624.0614280422863,1624.0614280422863,0.0,0.0,0.0,16784.713424907124
2016-02-23,15388.944662859054,5109.923793191374,21729.894807216948,15388.944662859054,15388.944662859054,-1997.1979683986985,-1997.1979683986985,-1997.1979683986985,31.380711107136097,31.380711107136097,31.380711107136097,-544.1170749147453,-544.1170749147453,-544.1170749147453,-512.7363638076092,-512.7363638076092,-512.7363638076092,-1484.4616045910889,-1484.4616045910889,-1484.4616045910889,0.0,0.0,0.0,13391.746694460355
2016-02-24,15356.87960731499,5859.584504360525,21909.22449572054,15356.87960731499,15356.87960731499,-1591.3682250622505,-1591.3682250622505,-1591.3682250622505,-19.187814163685214,-19.187814163685214,-19.187814163685214,-777.0351923526503,-777.0351923526503,-777.0351923526503,-796.2230065163355,-796.2230065163355,-796.2230065163355,-795.145218545915,-795.145218545915,-795.145218545915,0.0,0.0,0.0,13765.511382252738
2016-02-25,15324.814551719362,6164.984328495098,21788.795231644664,15324.814551719362,15324.814551719362,-1498.6399442011127,-1498.6399442011127,-1498.6399442011127,-18.626298155166307,-18.626298155166307,-18.626298155166307,-702.4996316605007,-702.4996316605007,-702.4996316605007,-721.1259298156671,-721.1259298156671,-721.1259298156671,-777.5140143854456,-777.5140143854456,-777.5140143854456,0.0,0.0,0.0,13826.17460751825
2016-02-26,15292.749496123733,6471.147049501193,23715.796191832505,15292.749496123733,15292.749496123733,-362.8134007117796,-362.8134007117796,-362.8134007117796,-27.608694966937932,-27.608694966937932,-27.608694966937932,-984.1071895061959,-984.1071895061959,-984.1071895061959,-1011.715884473134,-1011.715884473134,-1011.715884473134,648.9024837613542,648.9024837613542,648.9024837613542,0.0,0.0,0.0,14929.936095411955
2016-02-27,15260.684440528106,7052.685898184287,23748.51521510557,15260.684440528106,15260.684440528106,32.3077189974226,32.3077189974226,32.3077189974226,-47.30481722125114,-47.30481722125114,-47.30481722125114,-1096.9188102314858,-1096.9188102314858,-1096.9188102314858,-1144.223627452737,-1144.223627452737,-1144.223627452737,1176.5313464501596,1176.5313464501596,1176.5313464501596,0.0,0.0,0.0,15292.99215952553
2016-02-28,15228.619384932475,5543.322313686105,21539.98487469365,15228.619384932475,15228.619384932475,-1566.9614782121196,-1566.9614782121196,-1566.9614782121196,-75.13377372239401,-75.13377372239401,-75.13377372239401,-1099.4532837618224,-1099.4532837618224,-1099.4532837618224,-1174.5870574842163,-1174.5870574842163,-1174.5870574842163,-392.37442072790316,-392.37442072790316,-392.37442072790316,0.0,0.0,0.0,13661.657906720357
2016-02-29,15196.55432910823,7532.877212916225,24324.932746041075,15196.55432910823,15196.55432910823,283.7637228449442,283.7637228449442,283.7637228449442,-75.26065402842492,-75.26065402842492,-75.26065402842492,-1265.0370511687709,-1265.0370511687709,-1265.0370511687709,-1340.297705197196,-1340.297705197196,-1340.297705197196,1624.0614280421403,1624.0614280421403,1624.0614280421403,0.0,0.0,0.0,15480.318051953174
2016-03-01,15164.489273283983,4871.7587172893345,21410.136855380584,15164.489273283983,15164.489273283983,-2492.6005548609273,-2492.6005548609273,-2492.6005548609273,-39.65734105012929,-39.65734105012929,-39.65734105012929,-968.4816092191643,-968.4816092191643,-968.4816092191643,-1008.1389502692934,-1008.1389502692934,-1008.1389502692934,-1484.4616045916339,-1484.4616045916339,-1484.4616045916339,0.0,0.0,0.0,12671.888718423055
2016-03-02,15132.424217459735,4953.75628195952,21150.117247515198,15132.424217459735,15132.424217459735,-1559.620819451127,-1559.620819451127,-1559.620819451127,-11.424241768815374,-11.424241768815374,-11.424241768815374,-753.0513591405794,-753.0513591405794,-753.0513591405794,-764.4756009093948,-764.4756009093948,-764.4756009093948,-795.1452185417323,-795.1452185417323,-795.1452185417323,0.0,0.0,0.0,13572.803398008607
2016-03-03,15100.35916163549,5662.373516201118,22270.895475709327,15100.35916163549,15100.35916163549,-1385.022407196825,-1385.022407196825,-1385.022407196825,-33.10409684444496,-33.10409684444496,-33.10409684444496,-574.4042959701258,-574.4042959701258,-574.4042959701258,-607.5083928145707,-607.5083928145707,-607.5083928145707,-777.5140143822543,-777.5140143822543,-777.5140143822543,0.0,0.0,0.0,13715.336754438664
2016-03-04,15068.29409821337,6659.214854507971,22489.146184395777,15068.29409821337,15068.29409821337,34.637525193353476,34.637525193353476,34.637525193353476,-34.11774497637206,-34.11774497637206,-34.11774497637206,-580.1472135902953,-580.1472135902953,-580.1472135902953,-614.2649585666674,-614.2649585666674,-614.2649585666674,648.9024837600208,648.9024837600208,648.9024837600208,0.0,0.0,0.0,15102.931623406723
2016-03-05,15036.22903479125,6492.650351431593,23486.538418913035,15036.22903479125,15036.22903479125,-372.84278568905825,-372.84278568905825,-372.84278568905825,-40.261770268835754,-40.261770268835754,-40.261770268835754,-1509.1123618652216,-1509.1123618652216,-1509.1123618652216,-1549.3741321340574,-1549.3741321340574,-1549.3741321340574,1176.5313464449991,1176.5313464449991,1176.5313464449991,0.0,0.0,0.0,14663.386249102192
2016-03-06,15004.163971369127,4860.898465971465,20565.224520476404,15004.163971369127,15004.163971369127,-2401.309389025604,-2401.309389025604,-2401.309389025604,-22.43798781776295,-22.43798781776295,-22.43798781776295,-1986.4969804792568,-1986.4969804792568,-1986.4969804792568,-2008.9349682970199,-2008.9349682970199,-2008.9349682970199,-392.3744207285846,-392.3744207285846,-392.3744207285846,0.0,0.0,0.0,12602.854582343523
2016-03-07,14972.098907947007,7030.385727079786,22973.470061332642,14972.098907947007,14972.098907947007,216.9389058661154,216.9389058661154,216.9389058661154,-20.425231825902202,-20.425231825902202,-20.425231825902202,-1386.6972903499766,-1386.6972903499766,-1386.6972903499766,-1407.1225221758789,-1407.1225221758789,-1407.1225221758789,1624.061428041994,1624.061428041994,1624.061428041994,0.0,0.0,0.0,15189.037813813122
2016-03-08,14940.033844524885,3674.65255313335,20521.767783838655,14940.033844524885,14940.033844524885,-3033.061080303194,-3033.061080303194,-3033.061080303194,-18.533629420515396,-18.533629420515396,-18.533629420515396,-1530.065846291021,-1530.065846291021,-1530.065846291021,-1548.5994757115363,-1548.5994757115363,-1548.5994757115363,-1484.461604591658,-1484.461604591658,-1484.461604591658,0.0,0.0,0.0,11906.972764221691
2016-03-09,14907.968781205756,4821.197815124261,20787.875813775085,14907.968781205756,14907.968781205756,-2522.6173389106225,-2522.6173389106225,-2522.6173389106225,-38.323982242085904,-38.323982242085904,-38.323982242085904,-1689.148138120154,-1689.148138120154,-1689.148138120154,-1727.4721203622398,-1727.4721203622398,-1727.4721203622398,-795.1452185483826,-795.1452185483826,-795.1452185483826,0.0,0.0,0.0,12385.351442295134
2016-03-10,14875.90371788663,4704.842125832165,21015.56254423003,14875.90371788663,14875.90371788663,-1853.732760767057,-1853.732760767057,-1853.732760767057,-34.30903122170364,-34.30903122170364,-34.30903122170364,-1041.9097151730548,-1041.9097151730548,-1041.9097151730548,-1076.2187463947585,-1076.2187463947585,-1076.2187463947585,-777.5140143722987,-777.5140143722987,-777.5140143722987,0.0,0.0,0.0,13022.170957119572
2016-03-11,14843.838654567502,5983.429250765628,23633.862235682223,14843.838654567502,14843.838654567502,-341.5865699960167,-341.5865699960167,-341.5865699960167,-62.217418066832984,-62.217418066832984,-62.217418066832984,-928.2716356878709,-928.2716356878709,-928.2716356878709,-990.4890537547038,-990.4890537547038,-990.4890537547038,648.9024837586871,648.9024837586871,648.9024837586871,0.0,0.0,0.0,14502.252084571486
2016-03-12,14811.773591248373,6967.488261614476,22510.13161363169,14811.773591248373,14811.773591248373,18.24781984855168,18.24781984855168,18.24781984855168,-52.74750636289687,-52.74750636289687,-52.74750636289687,-1105.5360202346296,-1105.5360202346296,-1105.5360202346296,-1158.2835265975266,-1158.2835265975266,-1158.2835265975266,1176.5313464460783,1176.5313464460783,1176.5313464460783,0.0,0.0,0.0,14830.021411096925
2016-03-13,14779.7085283171,5548.750896014787,21737.24781060575,14779.7085283171,14779.7085283171,-1013.2172552507772,-1013.2172552507772,-1013.2172552507772,-61.91010890826343,-61.91010890826343,-61.91010890826343,-558.9327256170824,-558.9327256170824,-558.9327256170824,-620.8428345253458,-620.8428345253458,-620.8428345253458,-392.3744207254312,-392.3744207254312,-392.3744207254312,0.0,0.0,0.0,13766.491273066324
2016-03-14,14747.643465385821,7620.639116121234,24911.627732493762,14747.643465385821,14747.643465385821,1169.4051277769945,1169.4051277769945,1169.4051277769945,-60.012556664375666,-60.012556664375666,-60.012556664375666,-394.6437436006296,-394.6437436006296,-394.6437436006296,-454.65630026500526,-454.65630026500526,-454.65630026500526,1624.061428042,1624.061428042,1624.061428042,0.0,0.0,0.0,15917.048593162815
2016-03-15,14715.578402454548,4534.445044774529,20621.878541480975,14715.578402454548,14715.578402454548,-2024.7483789495886,-2024.7483789495886,-2024.7483789495886,-48.40189306782907,-48.40189306782907,-48.40189306782907,-491.8848812895565,-491.8848812895565,-491.8848812895565,-540.2867743573856,-540.2867743573856,-540.2867743573856,-1484.461604592203,-1484.461604592203,-1484.461604592203,0.0,0.0,0.0,12690.83002350496
2016-03-16,14683.513339523273,5212.000522289918,21386.076061376516,14683.513339523273,14683.513339523273,-1165.8024401571706,-1165.8024401571706,-1165.8024401571706,-16.829521300886814,-16.829521300886814,-16.829521300886814,-353.82770031208423,-353.82770031208423,-353.82770031208423,-370.657221612971,-370.657221612971,-370.657221612971,-795.1452185441996,-795.1452185441996,-795.1452185441996,0.0,0.0,0.0,13517.710899366102
2016-03-17,14651.448277323656,5364.359415980055,21643.713032350173,14651.448277323656,14651.448277323656,-696.8417380312039,-696.8417380312039,-696.8417380312039,-68.2789647855497,-68.2789647855497,-68.2789647855497,148.95124113090696,148.95124113090696,148.95124113090696,80.67227634535725,80.67227634535725,80.67227634535725,-777.5140143765612,-777.5140143765612,-777.5140143765612,0.0,0.0,0.0,13954.606539292452
2016-03-18,14619.38321512404,6566.759047358084,23403.60290385972,14619.38321512404,14619.38321512404,553.3465153309616,553.3465153309616,553.3465153309616,-56.047063676531735,-56.047063676531735,-56.047063676531735,-39.50890474986026,-39.50890474986026,-39.50890474986026,-95.555968426392,-95.555968426392,-95.555968426392,648.9024837573536,648.9024837573536,648.9024837573536,0.0,0.0,0.0,15172.729730455001
2016-03-19,14587.318152924428,7156.7031885350025,23439.269166153856,14587.318152924428,14587.318152924428,951.6702249244247,951.6702249244247,951.6702249244247,-46.25920747770563,-46.25920747770563,-46.25920747770563,-178.60191403972735,-178.60191403972735,-178.60191403972735,-224.86112151743296,-224.86112151743296,-224.86112151743296,1176.5313464418575,1176.5313464418575,1176.5313464418575,0.0,0.0,0.0,15538.988377848853
2016-03-20,14555.253090724811,5958.752225002726,22397.500165868314,14555.253090724811,14555.253090724811,-305.6827746794495,-305.6827746794495,-305.6827746794495,-44.656023493648085,-44.656023493648085,-44.656023493648085,131.34766954520077,131.34766954520077,131.34766954520077,86.6916460515527,86.6916460515527,86.6916460515527,-392.37442073100215,-392.37442073100215,-392.37442073100215,0.0,0.0,0.0,14249.570316045361
2016-03-21,14523.188028525195,7989.480693104005,23964.44806359541,14523.188028525195,14523.188028525195,1536.0036663111462,1536.0036663111462,1536.0036663111462,-39.9151178031793,-39.9151178031793,-39.9151178031793,-48.14264392819963,-48.14264392819963,-48.14264392819963,-88.05776173137893,-88.05776173137893,-88.05776173137893,1624.0614280425252,1624.0614280425252,1624.0614280425252,0.0,0.0,0.0,16059.191694836341
2016-03-22,14491.122966475103,5417.288047852983,21285.05562074376,14491.122966475103,14491.122966475103,-1259.0965368595623,-1259.0965368595623,-1259.0965368595623,-28.772334631744123,-28.772334631744123,-28.772334631744123,254.1374023649296,254.1374023649296,254.1374023649296,225.3650677331855,225.3650677331855,225.3650677331855,-1484.4616045927478,-1484.4616045927478,-1484.4616045927478,0.0,0.0,0.0,13232.02642961554
2016-03-23,14459.057904425013,5422.472079301244,22216.510428169997,14459.057904425013,14459.057904425013,-593.7191587863326,-593.7191587863326,-593.7191587863326,-13.118458281936125,-13.118458281936125,-13.118458281936125,214.5445180410225,214.5445180410225,214.5445180410225,201.4260597590864,201.4260597590864,201.4260597590864,-795.1452185454192,-795.1452185454192,-795.1452185454192,0.0,0.0,0.0,13865.33874563868
2016-03-24,14426.992842374919,5356.484720995031,21850.818563636487,14426.992842374919,14426.992842374919,-947.2966079952978,-947.2966079952978,-947.2966079952978,-8.492235728571334,-8.492235728571334,-8.492235728571334,-161.2903578825203,-161.2903578825203,-161.2903578825203,-169.78259361109164,-169.78259361109164,-169.78259361109164,-777.514014384206,-777.514014384206,-777.514014384206,0.0,0.0,0.0,13479.69623437962
2016-03-25,14394.92778032483,7013.895592793987,23963.199026540144,14394.92778032483,14394.92778032483,936.3387181570778,936.3387181570778,936.3387181570778,4.1964642313504905,4.1964642313504905,4.1964642313504905,283.23977016327063,283.23977016327063,283.23977016327063,287.4362343946211,287.4362343946211,287.4362343946211,648.9024837624567,648.9024837624567,648.9024837624567,0.0,0.0,0.0,15331.266498481908
2016-03-26,14362.862718459804,7798.94459565526,23760.00066727728,14362.862718459804,14362.862718459804,1517.7116384945095,1517.7116384945095,1517.7116384945095,-0.5231707864778976,-0.5231707864778976,-0.5231707864778976,341.70346283805054,341.70346283805054,341.70346283805054,341.1802920515726,341.1802920515726,341.1802920515726,1176.5313464429366,1176.5313464429366,1176.5313464429366,0.0,0.0,0.0,15880.574356954314
2016-03-27,14330.79765659478,6502.535666923514,22943.390423943976,14330.79765659478,14330.79765659478,468.90780702690137,468.90780702690137,468.90780702690137,-19.834338489785257,-19.834338489785257,-19.834338489785257,881.116566244535,881.116566244535,881.116566244535,861.2822277547498,861.2822277547498,861.2822277547498,-392.3744207278484,-392.3744207278484,-392.3744207278484,0.0,0.0,0.0,14799.70546362168
2016-03-28,14298.732594729754,8145.623881021806,24929.475756931155,14298.732594729754,14298.732594729754,2276.0413029080974,2276.0413029080974,2276.0413029080974,-11.574177699037076,-11.574177699037076,-11.574177699037076,663.5540525654266,663.5540525654266,663.5540525654266,651.9798748663895,651.9798748663895,651.9798748663895,1624.0614280417078,1624.0614280417078,1624.0614280417078,0.0,0.0,0.0,16574.773897637853
2016-03-29,14266.667532864727,4779.156430340271,21855.699016606446,14266.667532864727,14266.667532864727,-976.3065727682671,-976.3065727682671,-976.3065727682671,-13.628285068478895,-13.628285068478895,-13.628285068478895,521.7833168935043,521.7833168935043,521.7833168935043,508.1550318250254,508.1550318250254,508.1550318250254,-1484.4616045932928,-1484.4616045932928,-1484.4616045932928,0.0,0.0,0.0,13290.36096009646
2016-03-30,14234.602461253588,6043.305844314488,21509.264002397842,14234.602461253588,14234.602461253588,-652.8757214598758,-652.8757214598758,-652.8757214598758,-0.21883654715872575,-0.21883654715872575,-0.21883654715872575,142.48833362854745,142.48833362854745,142.48833362854745,142.26949708138872,142.26949708138872,142.26949708138872,-795.1452185412645,-795.1452185412645,-795.1452185412645,0.0,0.0,0.0,13581.726739793712
2016-03-31,14202.537389642448,5474.47435229749,21559.87846632512,14202.537389642448,14202.537389642448,-694.8359033481233,-694.8359033481233,-694.8359033481233,-6.520161757460268,-6.520161757460268,-6.520161757460268,89.19827279069632,89.19827279069632,89.19827279069632,82.67811103323606,82.67811103323606,82.67811103323606,-777.5140143813595,-777.5140143813595,-777.5140143813595,0.0,0.0,0.0,13507.701486294325
2016-04-01,14170.472318031309,7010.571464183009,23664.225246525162,14170.472318031309,14170.472318031309,770.7648616754316,770.7648616754316,770.7648616754316,-19.96478869891666,-19.96478869891666,-19.96478869891666,141.8271666206331,141.8271666206331,141.8271666206331,121.86237792171644,121.86237792171644,121.86237792171644,648.9024837537153,648.9024837537153,648.9024837537153,0.0,0.0,0.0,14941.23717970674
2016-04-02,14138.407246420173,6422.575916308941,23654.089824332346,14138.407246420173,14138.407246420173,619.9989479850104,619.9989479850104,619.9989479850104,-7.7430766883313416,-7.7430766883313416,-7.7430766883313416,-548.789321770674,-548.789321770674,-548.789321770674,-556.5323984590054,-556.5323984590054,-556.5323984590054,1176.5313464440158,1176.5313464440158,1176.5313464440158,0.0,0.0,0.0,14758.406194405183
2016-04-03,14106.342174809033,5545.987593784012,21261.84602211645,14106.342174809033,14106.342174809033,-418.6042805249935,-418.6042805249935,-418.6042805249935,38.7009164115179,38.7009164115179,38.7009164115179,-64.93077620414581,-64.93077620414581,-64.93077620414581,-26.229859792627913,-26.229859792627913,-26.229859792627913,-392.3744207323655,-392.3744207323655,-392.3744207323655,0.0,0.0,0.0,13687.73789428404
2016-04-04,14074.277103377732,8306.989689104488,25246.364959449627,14074.277103377732,14074.277103377732,2366.5810644240432,2366.5810644240432,2366.5810644240432,63.81934961061134,63.81934961061134,63.81934961061134,678.700286771719,678.700286771719,678.700286771719,742.5196363823303,742.5196363823303,742.5196363823303,1624.061428041713,1624.061428041713,1624.061428041713,0.0,0.0,0.0,16440.858167801776
2016-04-05,14042.21203194643,4535.592995350708,21649.117421500992,14042.21203194643,14042.21203194643,-757.7653694433295,-757.7653694433295,-757.7653694433295,35.57702807962108,35.57702807962108,35.57702807962108,691.1192070703661,691.1192070703661,691.1192070703661,726.6962351499872,726.6962351499872,726.6962351499872,-1484.4616045933167,-1484.4616045933167,-1484.4616045933167,0.0,0.0,0.0,13284.4466625031
2016-04-06,14010.146960515127,5046.788046292952,22055.965242698217,14010.146960515127,14010.146960515127,-515.3614282744877,-515.3614282744877,-515.3614282744877,24.23038856655019,24.23038856655019,24.23038856655019,255.5534017068767,255.5534017068767,255.5534017068767,279.78379027342686,279.78379027342686,279.78379027342686,-795.1452185479145,-795.1452185479145,-795.1452185479145,0.0,0.0,0.0,13494.78553224064
2016-04-07,13978.081889083829,4533.931975369972,21475.794392085485,13978.081889083829,13978.081889083829,-874.8169153270276,-874.8169153270276,-874.8169153270276,-0.8014001093745111,-0.8014001093745111,-0.8014001093745111,-96.50150083203098,-96.50150083203098,-96.50150083203098,-97.3029009414055,-97.3029009414055,-97.3029009414055,-777.5140143856221,-777.5140143856221,-777.5140143856221,0.0,0.0,0.0,13103.2649737568
2016-04-08,13946.016819264722,6116.728734771536,22521.441863494038,13946.016819264722,13946.016819264722,488.04441405464485,488.04441405464485,488.04441405464485,22.454659265967667,22.454659265967667,22.454659265967667,-183.3127289711124,-183.3127289711124,-183.3127289711124,-160.85806970514471,-160.85806970514471,-160.85806970514471,648.9024837597896,648.9024837597896,648.9024837597896,0.0,0.0,0.0,14434.061233319366
2016-04-09,13913.951749445614,6665.133836109991,23062.477551586886,13913.951749445614,13913.951749445614,1183.018960015982,1183.018960015982,1183.018960015982,8.943617252245334,8.943617252245334,8.943617252245334,-2.4560036813583577,-2.4560036813583577,-2.4560036813583577,6.487613570886975,6.487613570886975,6.487613570886975,1176.5313464450949,1176.5313464450949,1176.5313464450949,0.0,0.0,0.0,15096.970709461595
2016-04-10,13881.88667962651,5415.454697551447,21604.62801042517,13881.88667962651,13881.88667962651,75.61517254573043,75.61517254573043,75.61517254573043,-7.214507910510961,-7.214507910510961,-7.214507910510961,475.20410118598016,475.20410118598016,475.20410118598016,467.9895932754692,467.9895932754692,467.9895932754692,-392.37442072973874,-392.37442072973874,-392.37442072973874,0.0,0.0,0.0,13957.501852172241
2016-04-11,13849.821609807403,7446.871189825572,23980.693484048734,13849.821609807403,13849.821609807403,2246.794452473872,2246.794452473872,2246.794452473872,7.328459218204764,7.328459218204764,7.328459218204764,615.4045652140996,615.4045652140996,615.4045652140996,622.7330244323043,622.7330244323043,622.7330244323043,1624.0614280415673,1624.0614280415673,1624.0614280415673,0.0,0.0,0.0,16096.616062281275
2016-04-12,13817.756539988297,4985.497771974491,21043.31451646162,13817.756539988297,13817.756539988297,-823.0898405703194,-823.0898405703194,-823.0898405703194,35.15711822742254,35.15711822742254,35.15711822742254,626.2146457934941,626.2146457934941,626.2146457934941,661.3717640209167,661.3717640209167,661.3717640209167,-1484.4616045912362,-1484.4616045912362,-1484.4616045912362,0.0,0.0,0.0,12994.666699417978
2016-04-13,13785.69147018606,5487.524005547438,21411.137267328188,13785.69147018606,13785.69147018606,-378.8936686653814,-378.8936686653814,-378.8936686653814,24.31041389438685,24.31041389438685,24.31041389438685,391.941135989366,391.941135989366,391.941135989366,416.25154988375283,416.25154988375283,416.25154988375283,-795.1452185491343,-795.1452185491343,-795.1452185491343,0.0,0.0,0.0,13406.797801520679
2016-04-14,13753.626400383822,5466.5432741430195,20938.905215803712,13753.626400383822,13753.626400383822,-479.60704149330587,-479.60704149330587,-479.60704149330587,15.747108832019604,15.747108832019604,15.747108832019604,282.15986405034084,282.15986405034084,282.15986405034084,297.90697288236044,297.90697288236044,297.90697288236044,-777.5140143756662,-777.5140143756662,-777.5140143756662,0.0,0.0,0.0,13274.019358890517
2016-04-15,13721.561330581586,7022.371693441586,22994.815240815275,13721.561330581586,13721.561330581586,1425.3079491336582,1425.3079491336582,1425.3079491336582,32.86122429590209,32.86122429590209,32.86122429590209,743.5442410728635,743.5442410728635,743.5442410728635,776.4054653687656,776.4054653687656,776.4054653687656,648.9024837648925,648.9024837648925,648.9024837648925,0.0,0.0,0.0,15146.869279715243
2016-04-16,13689.496260779346,7288.213507805833,23500.045132875865,13689.496260779346,13689.496260779346,1863.4778915895333,1863.4778915895333,1863.4778915895333,43.607673850198296,43.607673850198296,43.607673850198296,643.3388712984611,643.3388712984611,643.3388712984611,686.9465451486594,686.9465451486594,686.9465451486594,1176.5313464408741,1176.5313464408741,1176.5313464408741,0.0,0.0,0.0,15552.974152368879
2016-04-17,13657.431187962897,5796.268306209034,21888.28500631323,13657.431187962897,13657.431187962897,64.52421237936423,64.52421237936423,64.52421237936423,5.727952661472613,5.727952661472613,5.727952661472613,451.17068044831234,451.17068044831234,451.17068044831234,456.898633109785,456.898633109785,456.898633109785,-392.37442073042075,-392.37442073042075,-392.37442073042075,0.0,0.0,0.0,13721.955400342262
2016-04-18,13625.366115146446,7502.742023311256,23629.646183182595,13625.366115146446,13625.366115146446,1577.4701361721616,1577.4701361721616,1577.4701361721616,-28.724587177774776,-28.724587177774776,-28.724587177774776,-17.866704690813787,-17.866704690813787,-17.866704690813787,-46.59129186858856,-46.59129186858856,-46.59129186858856,1624.0614280407501,1624.0614280407501,1624.0614280407501,0.0,0.0,0.0,15202.836251318608
2016-04-19,13593.301042329995,3710.411515928759,20583.1986010069,13593.301042329995,13593.301042329995,-1616.169965102628,-1616.169965102628,-1616.169965102628,-16.40767775117566,-16.40767775117566,-16.40767775117566,-115.30068275704613,-115.30068275704613,-115.30068275704613,-131.7083605082218,-131.7083605082218,-131.7083605082218,-1484.4616045944065,-1484.4616045944065,-1484.4616045944065,0.0,0.0,0.0,11977.131077227366
2016-04-20,13561.235969513546,5074.735576274649,20749.876978071818,13561.235969513546,13561.235969513546,-660.2501043985803,-660.2501043985803,-660.2501043985803,-57.770285652344135,-57.770285652344135,-57.770285652344135,192.66539980414578,192.66539980414578,192.66539980414578,134.8951141518016,134.8951141518016,134.8951141518016,-795.145218550382,-795.145218550382,-795.145218550382,0.0,0.0,0.0,12900.985865114966
2016-04-21,13529.170895493706,5401.466501147899,21065.522749936405,13529.170895493706,13529.170895493706,-243.75700683267968,-243.75700683267968,-243.75700683267968,-50.89227234534647,-50.89227234534647,-50.89227234534647,584.6492798959779,584.6492798959779,584.6492798959779,533.7570075506313,533.7570075506313,533.7570075506313,-777.5140143833111,-777.5140143833111,-777.5140143833111,0.0,0.0,0.0,13285.413888661025
2016-04-22,13497.105821473866,6997.139865035795,22735.32643909715,13497.105821473866,13497.105821473866,1533.481883038702,1533.481883038702,1533.481883038702,-27.099611910207848,-27.099611910207848,-27.099611910207848,911.6790111853512,911.6790111853512,911.6790111853512,884.5793992751434,884.5793992751434,884.5793992751434,648.9024837635588,648.9024837635588,648.9024837635588,0.0,0.0,0.0,15030.587704512567
2016-04-23,13465.040747454028,6683.056680779832,23423.978170518818,13465.040747454028,13465.040747454028,1919.3310000754843,1919.3310000754843,1919.3310000754843,-32.11696197202315,-32.11696197202315,-32.11696197202315,774.9166155983748,774.9166155983748,774.9166155983748,742.7996536263518,742.7996536263518,742.7996536263518,1176.5313464491328,1176.5313464491328,1176.5313464491328,0.0,0.0,0.0,15384.371747529513
2016-04-24,13432.975673434188,4596.52859792517,21002.322466818947,13432.975673434188,13432.975673434188,-362.18240301874033,-362.18240301874033,-362.18240301874033,-56.82991367728276,-56.82991367728276,-56.82991367728276,87.02193138964454,87.02193138964454,87.02193138964454,30.19201771236177,30.19201771236177,30.19201771236177,-392.37442073110225,-392.37442073110225,-392.37442073110225,0.0,0.0,0.0,13070.793270415448
2016-04-25,13400.91059941435,7022.956129938737,22274.210492715112,13400.91059941435,13400.91059941435,1091.8452651734028,1091.8452651734028,1091.8452651734028,-35.94003070075264,-35.94003070075264,-35.94003070075264,-496.2761321671199,-496.2761321671199,-496.2761321671199,-532.2161628678725,-532.2161628678725,-532.2161628678725,1624.0614280412756,1624.0614280412756,1624.0614280412756,0.0,0.0,0.0,14492.755864587753
2016-04-26,13368.84552424768,3461.940153008346,19667.074723503443,13368.84552424768,13368.84552424768,-2007.3194553282808,-2007.3194553282808,-2007.3194553282808,-37.05019619203241,-37.05019619203241,-37.05019619203241,-485.80765454181795,-485.80765454181795,-485.80765454181795,-522.8578507338503,-522.8578507338503,-522.8578507338503,-1484.4616045944306,-1484.4616045944306,-1484.4616045944306,0.0,0.0,0.0,11361.526068919398
2016-04-27,13336.780449081012,3904.5813924832187,20389.345838609468,13336.780449081012,13336.780449081012,-1406.8618732841146,-1406.8618732841146,-1406.8618732841146,-54.54153141686959,-54.54153141686959,-54.54153141686959,-557.175123321046,-557.175123321046,-557.175123321046,-611.7166547379156,-611.7166547379156,-611.7166547379156,-795.1452185461992,-795.1452185461992,-795.1452185461992,0.0,0.0,0.0,11929.918575796897
2016-04-28,13304.715373914347,3447.1014626431306,20504.738361104366,13304.715373914347,13304.715373914347,-1603.7549654874058,-1603.7549654874058,-1603.7549654874058,-69.17300239328564,-69.17300239328564,-69.17300239328564,-757.0679487136556,-757.0679487136556,-757.0679487136556,-826.2409511069413,-826.2409511069413,-826.2409511069413,-777.5140143804645,-777.5140143804645,-777.5140143804645,0.0,0.0,0.0,11700.960408426941
2016-04-29,13272.65029874768,5460.966847805696,21775.322222622388,13272.65029874768,13272.65029874768,214.28309263340302,214.28309263340302,214.28309263340302,-49.01710636881828,-49.01710636881828,-49.01710636881828,-385.6022847674119,-385.6022847674119,-385.6022847674119,-434.61939113623015,-434.61939113623015,-434.61939113623015,648.9024837696332,648.9024837696332,648.9024837696332,0.0,0.0,0.0,13486.933391381082
2016-04-30,13240.585222617427,6307.5053662720375,22984.749447205002,13240.585222617427,13240.585222617427,1152.179466808547,1152.179466808547,1152.179466808547,-31.604011520267402,-31.604011520267402,-31.604011520267402,7.252131884842239,7.252131884842239,7.252131884842239,-24.351879635425163,-24.351879635425163,-24.351879635425163,1176.5313464439723,1176.5313464439723,1176.5313464439723,0.0,0.0,0.0,14392.764689425974
2016-05-01,13208.520146487175,4456.080113413834,20715.04799230677,13208.520146487175,13208.520146487175,-571.2958611136709,-571.2958611136709,-571.2958611136709,-40.47440262226041,-40.47440262226041,-40.47440262226041,-138.4470377590997,-138.4470377590997,-138.4470377590997,-178.9214403813601,-178.9214403813601,-178.9214403813601,-392.3744207323108,-392.3744207323108,-392.3744207323108,0.0,0.0,0.0,12637.224285373504
2016-05-02,13176.455070356922,7181.823229651765,23570.648936013262,13176.455070356922,13176.455070356922,1965.0167439596562,1965.0167439596562,1965.0167439596562,-45.77912988366738,-45.77912988366738,-45.77912988366738,386.73444580204267,386.73444580204267,386.73444580204267,340.9553159183753,340.9553159183753,340.9553159183753,1624.0614280412806,1624.0614280412806,1624.0614280412806,0.0,0.0,0.0,15141.471814316577
2016-05-03,13144.38999422667,3423.6218677166526,20956.715758279042,13144.38999422667,13144.38999422667,-710.079477195418,-710.079477195418,-710.079477195418,-32.705772864664716,-32.705772864664716,-32.705772864664716,807.0879002584505,807.0879002584505,807.0879002584505,774.3821273937857,774.3821273937857,774.3821273937857,-1484.4616045892037,-1484.4616045892037,-1484.4616045892037,0.0,0.0,0.0,12434.310517031252
2016-05-04,13112.324918096416,5180.772222316183,21311.789608019408,13112.324918096416,13112.324918096416,198.3353670628191,198.3353670628191,198.3353670628191,-71.24205873196078,-71.24205873196078,-71.24205873196078,1064.7226443421985,1064.7226443421985,1064.7226443421985,993.4805856102378,993.4805856102378,993.4805856102378,-795.1452185474186,-795.1452185474186,-795.1452185474186,0.0,0.0,0.0,13310.660285159234
2016-05-05,13080.259841966164,5176.968218983973,21514.679962285667,13080.259841966164,13080.259841966164,538.112096424272,538.112096424272,538.112096424272,-93.06866940747051,-93.06866940747051,-93.06866940747051,1408.6947802093603,1408.6947802093603,1408.6947802093603,1315.6261108018898,1315.6261108018898,1315.6261108018898,-777.514014377618,-777.514014377618,-777.514014377618,0.0,0.0,0.0,13618.371938390437
2016-05-06,13048.194765835911,7188.843351588779,23836.38378329726,13048.194765835911,13048.194765835911,2530.7154650688713,2530.7154650688713,2530.7154650688713,-47.03841320237497,-47.03841320237497,-47.03841320237497,1928.8513945103543,1928.8513945103543,1928.8513945103543,1881.8129813079795,1881.8129813079795,1881.8129813079795,648.9024837608918,648.9024837608918,648.9024837608918,0.0,0.0,0.0,15578.910230904783
2016-05-07,13016.129689705658,8571.550932027452,25390.0934686656,13016.129689705658,13016.129689705658,3846.4139771048303,3846.4139771048303,3846.4139771048303,-48.35258378125313,-48.35258378125313,-48.35258378125313,2718.235214433853,2718.235214433853,2718.235214433853,2669.8826306526,2669.8826306526,2669.8826306526,1176.5313464522305,1176.5313464522305,1176.5313464522305,0.0,0.0,0.0,16862.54366681049
2016-05-08,12984.064613575407,6766.478369937905,23682.144600403142,12984.064613575407,12984.064613575407,2467.339455191571,2467.339455191571,2467.339455191571,-18.374991851486055,-18.374991851486055,-18.374991851486055,2878.088867772214,2878.088867772214,2878.088867772214,2859.7138759207282,2859.7138759207282,2859.7138759207282,-392.37442072915735,-392.37442072915735,-392.37442072915735,0.0,0.0,0.0,15451.404068766977
2016-05-09,12951.999537445152,9392.989732848664,25698.916858902292,12951.999537445152,12951.999537445152,4654.218779503809,4654.218779503809,4654.218779503809,-2.033016679053135,-2.033016679053135,-2.033016679053135,3032.190368141727,3032.190368141727,3032.190368141727,3030.157351462674,3030.157351462674,3030.157351462674,1624.0614280411348,1624.0614280411348,1624.0614280411348,0.0,0.0,0.0,17606.21831694896
2016-05-10,12919.9344613149,6872.885633533935,22614.687189400534,12919.9344613149,12919.9344613149,1779.4398537331012,1779.4398537331012,1779.4398537331012,81.48843626066187,81.48843626066187,81.48843626066187,3182.413022064814,3182.413022064814,3182.413022064814,3263.9014583254757,3263.9014583254757,3263.9014583254757,-1484.461604592374,-1484.461604592374,-1484.461604592374,0.0,0.0,0.0,14699.374315048002
2016-05-11,12887.869385184647,6801.66346744383,23673.828657351773,12887.869385184647,12887.869385184647,2505.9074267401425,2505.9074267401425,2505.9074267401425,104.09945876952911,104.09945876952911,104.09945876952911,3196.95318651385,3196.95318651385,3196.95318651385,3301.052645283379,3301.052645283379,3301.052645283379,-795.145218543236,-795.145218543236,-795.145218543236,0.0,0.0,0.0,15393.77681192479
2016-05-12,12855.804309054394,7503.469734917268,24290.44082121684,12855.804309054394,12855.804309054394,2628.9233666985488,2628.9233666985488,2628.9233666985488,98.14367043016522,98.14367043016522,98.14367043016522,3308.2937106465374,3308.2937106465374,3308.2937106465374,3406.4373810767024,3406.4373810767024,3406.4373810767024,-777.5140143781537,-777.5140143781537,-777.5140143781537,0.0,0.0,0.0,15484.727675752943
2016-05-13,12823.739232924143,8979.2894552133,25561.598986649104,12823.739232924143,12823.739232924143,4262.39524885257,4262.39524885257,4262.39524885257,60.616849037521845,60.616849037521845,60.616849037521845,3552.8759160490536,3552.8759160490536,3552.8759160490536,3613.492765086575,3613.492765086575,3613.492765086575,648.9024837659948,648.9024837659948,648.9024837659948,0.0,0.0,0.0,17086.134481776713
2016-05-14,12791.67415679389,8053.168342011761,24060.42306559687,12791.67415679389,12791.67415679389,4024.9183492689667,4024.9183492689667,4024.9183492689667,-57.520466808289264,-57.520466808289264,-57.520466808289264,2905.9074696301864,2905.9074696301864,2905.9074696301864,2848.387002821897,2848.387002821897,2848.387002821897,1176.53134644707,1176.53134644707,1176.53134644707,0.0,0.0,0.0,16816.592506062858
2016-05-15,12759.609080663638,6078.751138552597,22153.576430875753,12759.609080663638,12759.609080663638,1282.4542277363832,1282.4542277363832,1282.4542277363832,-53.22081601564053,-53.22081601564053,-53.22081601564053,1728.049464481863,1728.049464481863,1728.049464481863,1674.8286484662226,1674.8286484662226,1674.8286484662226,-392.37442072983913,-392.37442072983913,-392.37442072983913,0.0,0.0,0.0,14042.063308400022
2016-05-16,12727.544004533385,7325.630234846911,23300.909205623087,12727.544004533385,12727.544004533385,2985.8969485045636,2985.8969485045636,2985.8969485045636,-16.941452637684407,-16.941452637684407,-16.941452637684407,1378.7769731012593,1378.7769731012593,1378.7769731012593,1361.835520463575,1361.835520463575,1361.835520463575,1624.0614280409889,1624.0614280409889,1624.0614280409889,0.0,0.0,0.0,15713.440953037949
2016-05-17,12695.478928403132,4146.149753175612,21028.700293978472,12695.478928403132,12695.478928403132,121.74998236782383,121.74998236782383,121.74998236782383,-0.9765484802436749,-0.9765484802436749,-0.9765484802436749,1607.188135435215,1607.188135435215,1607.188135435215,1606.2115869549714,1606.2115869549714,1606.2115869549714,-1484.4616045871473,-1484.4616045871473,-1484.4616045871473,0.0,0.0,0.0,12817.228910770957
2016-05-18,12663.41385227288,4879.272558295444,21743.25659320911,12663.41385227288,12663.41385227288,837.1068538836552,837.1068538836552,837.1068538836552,20.468826293323374,20.468826293323374,20.468826293323374,1611.7832461402177,1611.7832461402177,1611.7832461402177,1632.252072433541,1632.252072433541,1632.252072433541,-795.145218549886,-795.145218549886,-795.145218549886,0.0,0.0,0.0,13500.520706156536
2016-05-19,12631.348776142628,5471.9813206725685,21421.31570411685,12631.348776142628,12631.348776142628,849.2095578674881,849.2095578674881,849.2095578674881,9.573853895449176,9.573853895449176,9.573853895449176,1617.149718354455,1617.149718354455,1617.149718354455,1626.7235722499042,1626.7235722499042,1626.7235722499042,-777.5140143824162,-777.5140143824162,-777.5140143824162,0.0,0.0,0.0,13480.558334010117
2016-05-20,12599.283700012376,6223.014977860372,22515.372107080766,12599.283700012376,12599.283700012376,2077.1246117987703,2077.1246117987703,2077.1246117987703,50.0291857982173,50.0291857982173,50.0291857982173,1378.1929422442713,1378.1929422442713,1378.1929422442713,1428.2221280424885,1428.2221280424885,1428.2221280424885,648.9024837562816,648.9024837562816,648.9024837562816,0.0,0.0,0.0,14676.408311811147
2016-05-21,12567.218623882123,7246.585087371931,24015.413992234746,12567.218623882123,12567.218623882123,3240.5067317430103,3240.5067317430103,3240.5067317430103,95.82612719991769,95.82612719991769,95.82612719991769,1968.149258101183,1968.149258101183,1968.149258101183,2063.9753853011007,2063.9753853011007,2063.9753853011007,1176.5313464419096,1176.5313464419096,1176.5313464419096,0.0,0.0,0.0,15807.725355625134
2016-05-22,12535.15354775187,6642.904938682729,23061.099966932572,12535.15354775187,12535.15354775187,2571.008708206286,2571.008708206286,2571.008708206286,145.73293982962952,145.73293982962952,145.73293982962952,2817.650189103342,2817.650189103342,2817.650189103342,2963.383128932972,2963.383128932972,2963.383128932972,-392.3744207266855,-392.3744207266855,-392.3744207266855,0.0,0.0,0.0,15106.162255958156
2016-05-23,12503.088471621619,8435.411026533793,25641.068260780205,12503.088471621619,12503.088471621619,4336.373361776023,4336.373361776023,4336.373361776023,86.37563360527076,86.37563360527076,86.37563360527076,2625.9363001290862,2625.9363001290862,2625.9363001290862,2712.311933734357,2712.311933734357,2712.311933734357,1624.061428041666,1624.061428041666,1624.061428041666,0.0,0.0,0.0,16839.46183339764
2016-05-24,12471.023395491364,5431.227602795858,21738.305488238606,12471.023395491364,12471.023395491364,1025.9892395708137,1025.9892395708137,1025.9892395708137,23.23840174249379,23.23840174249379,23.23840174249379,2487.2124424186377,2487.2124424186377,2487.2124424186377,2510.4508441611315,2510.4508441611315,2510.4508441611315,-1484.4616045903176,-1484.4616045903176,-1484.4616045903176,0.0,0.0,0.0,13497.012635062178
2016-05-25,12438.958319361112,5679.843711976016,22502.48189842977,12438.958319361112,12438.958319361112,1293.5818894027677,1293.5818894027677,1293.5818894027677,-17.664801355778156,-17.664801355778156,-17.664801355778156,2106.391909304249,2106.391909304249,2106.391909304249,2088.7271079484713,2088.7271079484713,2088.7271079484713,-795.1452185457033,-795.1452185457033,-795.1452185457033,0.0,0.0,0.0,13732.54020876388
2016-05-26,12406.89324323086,5495.91846798854,22387.07254182903,12406.89324323086,12406.89324323086,1504.4829843461378,1504.4829843461378,1504.4829843461378,27.157854957288755,27.157854957288755,27.157854957288755,2254.8391437684186,2254.8391437684186,2254.8391437684186,2281.9969987257073,2281.9969987257073,2281.9969987257073,-777.5140143795695,-777.5140143795695,-777.5140143795695,0.0,0.0,0.0,13911.376227576997
2016-05-27,12374.828167100608,6820.592371649786,24223.981007151477,12374.828167100608,12374.828167100608,3361.4539918894784,3361.4539918894784,3361.4539918894784,75.87195179054913,75.87195179054913,75.87195179054913,2636.679556336573,2636.679556336573,2636.679556336573,2712.551508127122,2712.551508127122,2712.551508127122,648.902483762356,648.902483762356,648.902483762356,0.0,0.0,0.0,15736.282158990087
2016-05-28,12342.763090970353,7453.140046848965,23867.372685396786,12342.763088751275,12342.76309369084,3652.7309045831494,3652.7309045831494,3652.7309045831494,62.36258682419594,62.36258682419594,62.36258682419594,2413.836971308785,2413.836971308785,2413.836971308785,2476.199558132981,2476.199558132981,2476.199558132981,1176.531346450168,1176.531346450168,1176.531346450168,0.0,0.0,0.0,15995.493995553503
2016-05-29,12310.698014840102,6558.585565603181,22506.56499803029,12310.698007361752,12310.698023001569,2083.8251374012516,2083.8251374012516,2083.8251374012516,62.36258682419594,62.36258682419594,62.36258682419594,2413.836971308785,2413.836971308785,2413.836971308785,2476.199558132981,2476.199558132981,2476.199558132981,-392.3744207317296,-392.3744207317296,-392.3744207317296,0.0,0.0,0.0,14394.523152241352
2016-05-30,12278.632938709849,8471.316032025337,24437.64653287077,12278.632922643445,12278.6329547884,4100.26098617383,4100.26098617383,4100.26098617383,62.36258682419594,62.36258682419594,62.36258682419594,2413.836971308785,2413.836971308785,2413.836971308785,2476.199558132981,2476.199558132981,2476.199558132981,1624.0614280408483,1624.0614280408483,1624.0614280408483,0.0,0.0,0.0,16378.89392488368
2016-05-31,12246.567862579595,5266.8587198753985,21229.048510594108,12246.56783957338,12246.567886216588,991.7379535421186,991.7379535421186,991.7379535421186,62.36258682419594,62.36258682419594,62.36258682419594,2413.836971308785,2413.836971308785,2413.836971308785,2476.199558132981,2476.199558132981,2476.199558132981,-1484.4616045908626,-1484.4616045908626,-1484.4616045908626,0.0,0.0,0.0,13238.305816121714
2016-06-01,12214.502786449344,5499.306412770394,22387.876403970837,12214.502752973944,12214.502819323952,1681.054339591461,1681.054339591461,1681.054339591461,62.36258682419594,62.36258682419594,62.36258682419594,2413.836971308785,2413.836971308785,2413.836971308785,2476.199558132981,2476.199558132981,2476.199558132981,-795.1452185415204,-795.1452185415204,-795.1452185415204,0.0,0.0,0.0,13895.557126040805
2016-06-02,12182.437710319091,5560.709044580159,22319.57198721624,12182.437665733658,12182.437752537877,1698.685543749149,1698.685543749149,1698.685543749149,62.36258682419594,62.36258682419594,62.36258682419594,2413.836971308785,2413.836971308785,2413.836971308785,2476.199558132981,2476.199558132981,2476.199558132981,-777.5140143838322,-777.5140143838322,-777.5140143838322,0.0,0.0,0.0,13881.12325406824
2016-06-03,12150.372634188838,7453.498683333286,23375.540301457888,12150.372580320474,12150.37268972905,3125.1020418930325,3125.1020418930325,3125.1020418930325,62.36258682419594,62.36258682419594,62.36258682419594,2413.836971308785,2413.836971308785,2413.836971308785,2476.199558132981,2476.199558132981,2476.199558132981,648.9024837600509,648.9024837600509,648.9024837600509,0.0,0.0,0.0,15275.47467608187
2016-06-04,12118.307558058586,7739.492959591413,23889.54878429898,12118.30749356683,12118.307627140513,3652.7309045779893,3652.7309045779893,3652.7309045779893,62.36258682419594,62.36258682419594,62.36258682419594,2413.836971308785,2413.836971308785,2413.836971308785,2476.199558132981,2476.199558132981,2476.199558132981,1176.5313464450076,1176.5313464450076,1176.5313464450076,0.0,0.0,0.0,15771.038462636576
2016-06-05,12086.242481928333,5887.282174594873,22599.625974565457,12086.242406397894,12086.2425625771,2083.8251374044057,2083.8251374044057,2083.8251374044057,62.36258682419594,62.36258682419594,62.36258682419594,2413.836971308785,2413.836971308785,2413.836971308785,2476.199558132981,2476.199558132981,2476.199558132981,-392.37442072857567,-392.37442072857567,-392.37442072857567,0.0,0.0,0.0,14170.067619332738
2016-06-06,12054.177405798082,8219.958665244369,24578.95262330704,12054.177318460814,12054.17749545733,4100.260986175177,4100.260986175177,4100.260986175177,62.36258682419594,62.36258682419594,62.36258682419594,2413.836971308785,2413.836971308785,2413.836971308785,2476.199558132981,2476.199558132981,2476.199558132981,1624.0614280421964,1624.0614280421964,1624.0614280421964,0.0,0.0,0.0,16154.438391973259
2016-06-07,12022.112329667829,4043.0365227183897,21038.644654360698,12022.112228617962,12022.112431823998,991.7379535389483,991.7379535389483,991.7379535389483,62.36258682419594,62.36258682419594,62.36258682419594,2413.836971308785,2413.836971308785,2413.836971308785,2476.199558132981,2476.199558132981,2476.199558132981,-1484.461604594033,-1484.461604594033,-1484.461604594033,0.0,0.0,0.0,13013.850283206777
2016-06-08,11990.047253537576,5215.2072444851665,22171.211532680507,11990.047141310191,11990.047371912875,1681.0543395848108,1681.0543395848108,1681.0543395848108,62.36258682419594,62.36258682419594,62.36258682419594,2413.836971308785,2413.836971308785,2413.836971308785,2476.199558132981,2476.199558132981,2476.199558132981,-795.1452185481703,-795.1452185481703,-795.1452185481703,0.0,0.0,0.0,13671.101593122386
2016-06-09,11957.982177407324,5013.1046082728535,21063.409074061532,11957.982051332961,11957.982315725238,1698.6855437557228,1698.6855437557228,1698.6855437557228,62.36258682419594,62.36258682419594,62.36258682419594,2413.836971308785,2413.836971308785,2413.836971308785,2476.199558132981,2476.199558132981,2476.199558132981,-777.5140143772587,-777.5140143772587,-777.5140143772587,0.0,0.0,0.0,13656.667721163047
2016-06-10,11925.917101277071,7013.076753967649,22976.65904244095,11925.916959806946,11925.917253880316,3125.1020418916987,3125.1020418916987,3125.1020418916987,62.36258682419594,62.36258682419594,62.36258682419594,2413.836971308785,2413.836971308785,2413.836971308785,2476.199558132981,2476.199558132981,2476.199558132981,648.9024837587175,648.9024837587175,648.9024837587175,0.0,0.0,0.0,15051.01914316877
